aX,aY,aZ,gX,gY,gZ
0.105,1.924,1.818,127.441,-29.968,2.747
-0.690,-0.146,0.851,291.992,-5.554,-75.745
-0.583,-0.233,0.633,134.094,9.949,-38.757
-0.388,0.111,0.848,-66.223,-9.033,30.396
-0.343,0.227,0.946,-113.159,-27.222,50.476
-0.301,0.300,1.073,-103.088,-37.170,44.067
-0.241,0.252,1.118,-48.096,-43.335,31.616
-0.155,0.265,1.090,8.240,-42.419,21.667
-0.059,0.402,1.035,28.931,-35.522,11.658
-0.059,0.400,1.019,25.818,-29.602,-6.897
-0.094,0.340,1.017,13.977,-25.330,-24.841
-0.102,0.265,1.015,0.244,-22.217,-37.537
-0.122,0.218,1.008,-11.597,-20.996,-46.265
-0.168,0.244,0.992,-17.395,-18.982,-50.842
-0.182,0.186,0.942,-10.071,-16.541,-57.617
-0.181,0.145,0.905,-3.052,-17.883,-64.575
-0.170,0.262,0.910,-4.578,-21.790,-67.749
-0.149,0.316,0.910,1.648,-24.292,-75.623
-0.069,0.259,0.909,10.498,-27.344,-90.393
-0.082,0.138,0.956,8.179,-31.067,-105.957
-0.014,0.036,1.016,-2.563,-32.043,-111.633
0.019,0.069,1.076,-12.207,-29.724,-107.849
0.024,0.149,1.078,-9.827,-23.499,-106.079
0.020,0.235,1.037,-0.793,-16.663,-111.694
-0.007,0.263,0.992,5.371,-14.404,-125.183
-0.022,0.172,0.975,3.662,-15.381,-140.808
-0.030,-0.002,1.000,-3.235,-17.395,-148.560
-0.013,-0.159,1.024,-14.343,-15.442,-140.808
-0.016,-0.207,1.062,-28.442,-11.658,-122.375
-0.001,-0.213,1.094,-28.809,-8.789,-106.323
0.018,-0.203,1.093,-14.709,-5.737,-100.159
0.051,-0.188,1.094,0.061,-2.625,-100.952
0.029,-0.171,1.064,11.536,6.042,-107.727
0.046,-0.131,1.060,17.639,16.357,-114.014
0.087,-0.216,1.063,21.301,21.851,-118.469
0.105,-0.308,1.072,21.851,26.001,-117.798
0.104,-0.264,1.079,14.160,30.518,-106.445
0.097,-0.220,1.047,13.672,36.621,-96.985
0.090,-0.305,1.013,21.118,39.429,-95.215
0.061,-0.376,1.000,21.545,38.147,-92.957
0.013,-0.406,0.968,15.503,36.255,-83.435
0.011,-0.501,0.968,0.732,32.898,-67.078
0.007,-0.528,1.025,-12.878,26.611,-47.119
0.003,-0.550,1.121,-17.273,21.667,-30.640
0.018,-0.550,1.210,-13.550,22.339,-19.043
0.018,-0.452,1.260,-6.287,26.367,-9.399
0.018,-0.427,1.263,0.610,32.959,-4.700
0.022,-0.464,1.251,-0.671,39.856,-0.854
0.037,-0.432,1.284,-10.498,46.204,7.629
0.058,-0.352,1.296,-19.226,52.612,16.357
0.049,-0.438,1.256,-21.118,59.387,17.883
0.036,-0.533,1.215,-27.893,64.575,20.203
0.014,-0.526,1.176,-36.682,67.444,31.433
-0.035,-0.517,1.101,-36.072,71.960,42.969
-0.085,-0.538,1.013,-27.649,75.867,52.429
-0.109,-0.521,0.962,-19.897,75.684,62.866
-0.097,-0.492,0.945,-13.428,72.815,73.853
-0.084,-0.532,0.945,-2.869,70.313,84.106
-0.084,-0.536,0.953,3.296,69.519,96.985
-0.109,-0.472,0.962,0.061,72.388,114.502
-0.166,-0.402,0.911,-6.714,76.172,135.254
-0.232,-0.212,0.876,-9.583,78.857,152.588
-0.254,-0.016,0.821,-5.493,81.360,155.212
-0.251,-0.057,0.739,13.733,78.613,144.348
-0.306,-0.192,0.660,23.437,70.068,128.479
-0.286,-0.310,0.646,10.864,57.617,121.521
-0.295,-0.393,0.694,-4.761,43.640,125.122
-0.303,-0.430,0.720,-9.521,34.729,134.949
-0.319,-0.481,0.726,-4.517,29.541,144.592
-0.328,-0.577,0.733,5.371,24.414,157.227
-0.360,-0.620,0.729,16.418,22.766,172.729
-0.434,-0.459,0.726,22.705,22.400,191.406
-0.523,-0.117,0.749,21.912,19.592,206.116
-0.538,0.255,0.781,32.043,15.381,202.637
-0.506,0.443,0.741,60.181,11.292,177.734
-0.495,0.264,0.645,79.224,3.784,147.705
-0.477,0.026,0.650,55.664,-7.568,138.367
-0.425,-0.030,0.752,7.629,-16.357,152.283
-0.386,-0.111,0.805,-23.315,-19.165,169.983
-0.418,-0.229,0.875,-31.189,-20.691,182.983
-0.445,-0.285,0.918,-25.574,-20.630,194.153
-0.550,-0.146,0.919,-7.446,-16.602,203.857
-0.590,0.353,0.983,7.690,-15.259,211.243
-0.500,0.631,0.963,48.584,-15.076,196.838
-0.471,0.470,0.847,110.229,-15.808,157.898
-0.423,0.409,0.876,123.779,-22.644,129.028
-0.419,0.575,0.950,92.896,-30.457,122.070
-0.418,0.691,1.014,60.486,-31.677,117.798
-0.426,0.520,1.009,43.884,-32.227,106.079
-0.387,0.338,1.036,28.015,-35.706,94.910
-0.328,0.182,1.100,9.338,-41.565,89.111
-0.294,0.086,1.165,2.258,-45.288,87.097
-0.268,0.046,1.216,9.033,-43.457,87.952
-0.249,0.085,1.247,20.630,-36.682,89.966
-0.232,0.250,1.291,29.358,-29.175,91.064
-0.286,0.427,1.204,45.776,-20.142,82.764
-0.346,0.571,1.090,56.152,-11.841,62.073
-0.377,0.588,1.001,54.138,-9.399,33.020
-0.340,0.493,0.988,42.114,-15.930,7.202
-0.339,0.387,1.012,25.208,-25.696,-6.592
-0.302,0.334,1.071,10.132,-30.029,-12.085
-0.284,0.251,1.054,11.536,-29.724,-18.494
-0.260,0.253,1.078,15.503,-30.396,-26.611
-0.232,0.283,1.095,21.912,-30.457,-36.926
-0.234,0.245,1.073,31.494,-27.466,-49.133
-0.223,0.229,1.057,33.325,-23.804,-57.739
-0.206,0.235,1.066,22.949,-23.071,-63.354
-0.176,0.253,1.097,11.536,-23.071,-68.298
-0.195,0.340,1.111,6.287,-22.156,-71.350
-0.199,0.370,1.086,9.338,-19.348,-77.942
-0.238,0.313,1.028,12.146,-15.564,-88.257
-0.197,0.270,1.015,6.348,-14.954,-97.473
-0.248,0.241,1.001,3.296,-14.771,-108.276
-0.211,0.140,0.972,7.202,-15.869,-117.371
-0.112,-0.010,0.998,7.141,-16.846,-124.512
-0.059,-0.040,1.056,2.014,-14.648,-124.390
-0.030,0.051,1.090,1.099,-8.362,-122.803
-0.010,0.183,1.106,9.460,-0.977,-126.526
0.007,0.195,1.083,26.672,5.798,-141.296
-1.148,0.410,0.866,399.048,119.141,-199.158
-0.432,-0.467,0.758,721.375,165.710,-129.639
0.279,-0.853,0.877,647.827,197.144,-113.403
0.462,-0.842,0.701,326.477,202.637,-124.878
0.262,-0.694,0.767,216.492,172.913,-102.051
0.076,-0.572,0.650,201.660,135.376,-60.547
0.100,-0.643,0.450,184.204,105.713,-24.292
0.200,-0.716,0.420,99.365,81.665,-12.512
0.142,-0.755,0.604,-9.338,53.284,-13.306
0.159,-0.949,0.829,-75.378,28.687,-10.681
0.152,-1.024,0.914,-116.333,21.790,2.014
0.054,-0.767,0.847,-156.372,24.536,23.926
-0.100,-0.218,0.746,-176.331,27.283,33.752
-0.113,0.038,0.610,-167.297,27.832,-0.061
0.027,-0.067,0.632,-98.450,26.733,-64.697
0.061,0.394,0.557,4.822,27.710,-124.207
0.055,0.021,0.780,118.713,15.503,-208.618
-0.058,-0.846,0.969,98.999,3.418,-307.617
-0.121,-1.426,0.998,33.325,16.052,-309.387
0.043,-1.683,0.892,30.579,40.649,-213.928
0.110,-1.365,0.738,49.500,52.979,-76.965
0.027,-0.704,0.689,71.655,46.570,35.950
0.111,-0.275,0.703,107.910,30.823,81.909
0.253,-0.232,0.629,103.271,17.700,73.792
0.133,-0.387,0.535,67.505,6.042,41.748
0.045,-0.542,0.549,30.884,-3.784,19.165
-0.009,-0.549,0.623,10.254,-9.399,18.860
0.123,-0.265,0.657,15.381,-10.254,32.654
0.116,0.020,0.719,10.376,-5.188,33.936
0.119,-0.020,0.935,26.855,-5.310,1.648
0.161,-0.244,1.067,76.233,-6.531,-38.574
0.123,-0.505,0.941,130.432,7.019,-57.373
0.202,-0.666,0.880,119.690,23.743,-62.927
0.189,-0.784,0.812,95.276,32.715,-62.805
-0.022,-0.832,0.901,81.421,35.400,-59.082
-0.163,-0.840,0.826,111.694,32.837,-42.847
-0.054,-0.755,0.693,156.006,32.471,-16.724
-0.074,-0.719,0.580,187.256,27.710,-5.249
-0.087,-0.633,0.599,191.956,23.071,-5.371
0.046,-0.531,0.639,202.820,17.822,-3.479
0.163,-0.604,0.686,228.821,13.245,-10.437
0.149,-0.797,0.714,244.995,12.634,-33.630
0.166,-0.997,0.715,228.027,16.846,-42.419
0.221,-1.092,0.699,194.763,22.339,-27.100
0.229,-1.083,0.674,164.856,29.297,-5.066
0.137,-1.060,0.662,151.306,39.490,7.568
0.026,-0.998,0.668,158.813,51.514,14.832
-0.052,-0.617,0.532,157.593,65.674,21.606
-0.027,-0.401,0.502,102.051,74.219,3.784
0.114,-0.368,0.568,90.698,66.223,-31.433
0.069,-0.509,0.377,79.834,58.167,-67.444
0.185,-0.826,0.248,51.941,45.959,-97.900
0.171,-0.894,0.440,1.282,42.725,-97.229
0.138,-0.874,0.670,-11.230,51.270,-88.623
0.137,-0.904,0.642,1.404,82.764,-89.661
0.069,-1.047,0.582,6.897,129.028,-97.412
-0.096,-1.100,0.534,-0.244,179.321,-85.754
-0.295,-1.164,0.489,-1.404,215.271,-64.758
-0.412,-1.037,0.541,-6.592,243.591,-40.771
-0.357,-0.881,0.521,-10.254,265.076,-25.818
-0.251,-0.948,0.307,-4.028,264.709,-23.560
-0.103,-0.904,0.184,-14.160,241.028,-15.442
0.003,-0.876,0.092,-7.080,192.383,-7.324
0.065,-0.825,0.146,13.000,132.324,-9.766
0.060,-0.720,0.290,31.616,78.186,-20.935
0.061,-0.706,0.367,44.983,41.626,-36.865
0.079,-0.809,0.364,50.903,29.846,-46.936
0.098,-0.863,0.333,45.593,34.546,-44.861
0.051,-0.836,0.354,42.358,44.922,-37.415
-0.071,-0.844,0.312,60.364,57.556,-28.809
-0.228,-0.845,0.258,73.303,71.411,-22.156
-0.281,-0.818,0.290,51.880,82.703,-21.973
-0.274,-0.833,0.295,24.658,89.844,-28.076
-0.228,-0.815,0.338,-3.174,95.337,-37.537
-0.140,-0.762,0.358,-30.334,98.755,-49.744
-0.081,-0.865,0.279,-45.227,98.999,-67.322
0.027,-1.051,0.260,-49.744,91.675,-81.482
0.118,-1.068,0.328,-56.458,78.735,-88.562
0.097,-1.005,0.369,-39.673,63.721,-83.313
0.074,-1.034,0.316,-11.353,53.406,-79.041
0.079,-1.060,0.349,5.920,50.720,-79.163
0.052,-0.964,0.460,12.451,51.636,-77.515
0.155,-0.928,0.372,23.682,59.143,-75.317
0.253,-1.003,0.298,34.607,63.416,-68.909
0.266,-1.032,0.247,21.545,63.416,-62.012
0.371,-1.059,0.190,-1.343,60.974,-59.570
0.366,-1.079,0.252,-18.066,55.420,-58.899
0.264,-1.035,0.286,-31.616,56.519,-48.462
0.011,-0.963,0.278,-44.434,62.866,-32.532
-0.246,-0.639,0.396,-56.213,63.293,-21.851
-0.195,-0.831,0.419,-37.598,54.443,-35.400
-0.048,-0.817,0.391,-41.260,42.114,-50.964
0.087,-0.733,0.385,-71.350,29.419,-53.528
-0.122,-0.243,0.435,-64.453,39.612,-76.599
-0.039,0.240,0.135,53.284,101.807,-117.981
0.041,-0.748,-0.014,289.917,137.512,-189.331
-0.025,-1.747,-0.204,380.066,155.457,-209.106
-0.018,-1.897,-0.258,308.167,160.278,-156.372
-0.091,-1.564,-0.244,195.862,148.071,-74.341
-0.049,-1.168,0.037,70.190,107.727,-21.729
0.231,-0.957,0.085,-52.734,68.176,-27.527
0.370,-0.978,-0.032,-142.761,43.884,-62.805
0.304,-1.045,0.079,-148.376,1.404,-85.449
0.030,-1.002,0.364,-120.483,-39.490,-86.975
-0.133,-0.948,0.523,-133.057,-46.448,-92.041
-0.149,-0.968,0.645,-155.701,-28.809,-99.670
-0.164,-1.024,0.649,-173.706,-4.700,-106.079
-0.186,-1.200,0.549,-187.073,24.231,-109.558
-0.271,-1.258,0.530,-177.979,42.603,-100.464
-0.398,-1.119,0.316,-159.668,41.992,-82.703
-0.536,-0.914,0.312,-166.565,26.489,-59.937
-0.518,-0.776,0.565,-158.691,-6.165,-50.232
-0.426,-0.697,0.695,-117.798,-36.682,-56.580
-0.381,-0.650,0.648,-90.393,-52.856,-68.726
-0.313,-0.672,0.682,-76.782,-60.486,-81.909
-0.129,-0.800,0.776,-72.998,-55.847,-103.027
-0.061,-1.027,0.841,-86.060,-38.086,-130.920
-0.295,-1.006,0.754,-101.074,-16.235,-151.306
-0.421,-0.912,0.620,-76.050,0.061,-146.790
-0.997,0.896,0.769,27.100,13.062,-72.083
-1.019,0.918,0.850,34.119,18.555,-92.651
-0.999,0.873,0.914,33.569,24.780,-107.300
-0.949,0.810,0.886,36.255,22.949,-118.530
-0.892,0.702,0.901,29.541,17.883,-127.441
-0.850,0.526,0.923,19.165,14.587,-135.498
-0.812,0.355,0.880,11.475,9.033,-144.836
-0.767,0.167,0.914,4.028,2.869,-150.635
-0.729,-0.007,0.818,6.836,-2.991,-153.870
-0.708,-0.146,0.816,1.831,-5.676,-153.870
-0.681,-0.319,0.772,9.827,-8.301,-150.513
-0.658,-0.411,0.726,20.630,-13.123,-145.691
-0.622,-0.427,0.736,23.987,-15.442,-139.709
-0.597,-0.469,0.749,30.762,-13.184,-135.925
-0.575,-0.514,0.775,40.100,-10.803,-135.803
-0.583,-0.476,0.765,44.434,-12.817,-135.132
-0.541,-0.530,0.794,43.701,-4.761,-126.160
-0.497,-0.547,0.829,44.861,8.057,-118.835
-0.473,-0.615,0.861,37.842,7.202,-114.685
-0.458,-0.651,0.870,24.780,-4.211,-111.023
-0.481,-0.700,0.867,8.789,-17.700,-109.009
-0.483,-0.830,0.860,2.930,-28.564,-103.333
-0.458,-0.922,0.873,0.305,-37.415,-88.684
-0.417,-0.926,0.952,-4.150,-46.509,-64.514
-0.357,-0.864,1.015,-0.305,-51.514,-39.795
-0.250,-0.833,1.088,18.005,-47.424,-28.442
-0.168,-0.772,1.200,37.292,-37.781,-27.283
-0.107,-0.710,1.269,39.063,-27.649,-22.705
-0.079,-0.724,1.237,29.480,-19.409,-10.925
-0.070,-0.763,1.190,14.832,-18.005,3.601
-0.080,-0.747,1.129,-3.662,-23.254,21.545
-0.090,-0.749,1.118,-22.400,-30.273,40.588
-0.062,-0.778,1.046,-24.536,-35.767,53.040
-0.036,-0.778,1.038,-17.822,-42.114,58.350
0.001,-0.743,1.026,-15.869,-45.532,62.256
0.045,-0.746,1.041,-12.695,-44.250,69.336
0.101,-0.742,1.059,-11.047,-39.612,82.031
0.164,-0.678,1.088,-12.878,-34.973,99.854
0.209,-0.594,1.101,-11.475,-30.334,117.371
0.246,-0.526,1.094,-10.803,-22.888,130.005
0.242,-0.466,1.099,-18.372,-14.893,141.785
0.239,-0.401,1.076,-28.992,-9.399,153.992
0.225,-0.363,1.044,-39.429,-6.470,166.626
0.219,-0.344,1.006,-46.936,-4.761,180.237
0.206,-0.289,0.988,-48.462,-1.099,192.688
0.174,-0.211,0.970,-40.161,7.141,198.486
0.127,-0.089,0.976,-24.841,19.714,197.144
0.073,0.030,0.987,-8.667,31.433,191.345
0.030,0.190,1.001,3.235,38.391,182.800
-0.040,0.347,1.000,5.676,40.100,173.401
-0.107,0.485,1.003,4.700,37.354,160.950
-0.145,0.603,1.026,-0.488,31.738,142.395
-0.174,0.656,1.024,-5.981,24.536,121.460
-0.163,0.673,1.048,-11.597,17.090,104.736
-0.124,0.693,1.076,-15.747,12.329,91.492
-0.132,0.724,1.090,-15.503,15.076,77.209
-0.175,0.739,1.084,-9.888,25.513,61.035
-0.252,0.782,1.058,-1.831,39.124,44.250
-0.322,0.854,1.031,10.254,51.758,28.503
-0.412,0.959,1.032,21.851,58.594,12.451
-0.501,1.078,1.036,25.085,59.875,-5.615
-0.538,1.119,1.008,22.156,59.448,-22.339
-0.597,1.114,0.977,10.498,56.091,-36.072
-0.611,1.053,0.979,-9.521,56.824,-43.579
-0.598,0.968,0.951,-17.944,52.734,-55.969
-0.567,0.872,0.910,-18.127,47.302,-68.726
-0.566,0.708,0.862,-10.803,43.640,-76.538
-0.460,0.632,0.891,-2.502,45.105,-92.163
-0.397,0.510,0.884,5.920,38.879,-101.257
-0.319,0.434,0.911,12.329,34.058,-104.248
-0.307,0.338,0.905,25.330,32.837,-109.253
-0.279,0.291,0.905,36.133,36.804,-117.615
-0.301,0.206,0.836,45.898,49.377,-129.150
-0.358,0.170,0.833,54.138,56.152,-138.123
-0.449,0.138,0.773,43.518,64.697,-151.184
-0.521,0.101,0.766,32.166,74.036,-167.419
-0.603,0.001,0.733,29.419,73.181,-182.068
-0.674,-0.089,0.763,25.269,60.608,-190.063
-0.777,-0.241,0.664,28.503,43.518,-184.937
-0.749,-0.488,0.668,32.532,40.344,-168.335
-0.705,-0.568,0.729,27.405,27.222,-158.813
-0.661,-0.596,0.798,20.447,-1.465,-144.714
-0.578,-0.613,0.920,16.602,-21.484,-129.089
-0.486,-0.628,1.012,19.897,-26.550,-119.690
-0.444,-0.649,1.060,20.386,-17.822,-115.601
-0.432,-0.715,1.172,15.869,-1.160,-111.633
-0.431,-0.753,1.109,12.207,9.644,-111.389
-0.498,-0.824,1.077,4.761,11.719,-116.638
-0.567,-0.845,1.040,5.981,6.714,-117.371
-0.589,-0.836,0.968,9.399,-4.150,-103.821
-0.567,-0.785,0.972,5.981,-19.348,-78.125
-0.495,-0.717,0.999,4.639,-32.959,-58.289
-0.444,-0.657,1.048,2.747,-40.894,-46.570
-0.387,-0.626,1.082,-1.831,-41.626,-36.133
-0.364,-0.571,1.103,-5.432,-41.016,-23.621
-0.284,-0.530,1.104,-10.254,-41.321,-6.165
-0.269,-0.499,0.972,-19.287,-42.847,7.324
-0.203,-0.429,1.096,-42.419,-39.551,15.198
-0.157,-0.450,0.968,-39.124,-39.734,14.771
-0.146,-0.418,0.905,-46.021,-47.180,10.681
-0.128,-0.443,0.826,-44.556,-55.969,8.362
-0.115,-0.416,0.790,-43.945,-61.096,9.521
-0.104,-0.413,0.784,-40.771,-64.148,11.230
-0.070,-0.405,0.806,-38.025,-64.453,17.273
-0.060,-0.411,0.843,-36.316,-62.805,26.306
-0.041,-0.416,0.872,-33.752,-59.937,36.194
0.003,-0.428,0.896,-30.396,-56.152,47.729
0.061,-0.428,0.916,-23.621,-54.688,59.204
0.125,-0.448,0.917,-14.282,-54.016,70.618
0.173,-0.474,0.929,-6.531,-52.063,80.994
0.190,-0.506,0.936,-1.648,-47.241,91.736
0.198,-0.521,0.967,1.038,-42.603,104.065
0.207,-0.506,0.972,2.991,-40.833,117.065
0.243,-0.492,0.950,2.014,-40.527,127.625
0.234,-0.504,1.012,-6.958,-39.978,136.353
0.314,-0.412,1.121,-11.292,-39.795,142.761
0.364,-0.343,1.150,-3.540,-39.490,143.188
0.393,-0.300,1.169,-3.967,-33.020,141.846
0.405,-0.274,1.175,-8.118,-22.156,141.846
-0.655,0.931,1.173,7.935,78.613,-94.910
-0.655,0.986,1.249,5.615,78.003,-117.065
-0.614,0.944,1.218,6.653,84.045,-140.137
-0.688,0.886,1.202,-3.235,90.027,-160.583
-0.668,0.797,1.093,-9.827,92.590,-170.959
-0.743,0.660,1.011,-16.113,94.421,-175.598
-0.796,0.485,0.929,-19.958,95.520,-178.955
-0.871,0.297,0.823,-16.602,86.731,-181.335
-0.893,0.176,0.750,-7.812,69.824,-185.242
-0.867,0.110,0.729,5.310,51.941,-191.101
-0.793,0.047,0.736,17.700,33.081,-196.777
-0.724,0.058,0.810,28.015,23.376,-206.482
-0.656,0.027,0.831,43.335,26.184,-211.182
-0.567,-0.111,0.943,44.495,44.250,-200.928
-0.514,-0.235,0.964,29.846,53.650,-201.904
-0.551,-0.286,1.021,8.484,51.453,-209.839
-0.620,-0.390,1.022,-11.963,54.504,-212.830
-0.694,-0.501,0.942,-20.996,56.702,-205.200
-0.727,-0.617,0.904,-32.654,56.519,-198.181
-0.781,-0.775,0.822,-32.593,44.312,-188.965
-0.772,-0.889,0.736,-31.494,20.813,-169.250
-0.736,-0.958,0.725,-29.663,-6.897,-141.113
-0.569,-0.940,0.785,-27.588,-29.785,-107.300
-0.459,-0.914,0.848,-16.357,-42.664,-84.961
-0.409,-0.924,0.912,-3.174,-43.945,-75.989
-0.362,-0.910,0.979,7.812,-41.016,-71.472
-0.313,-0.887,1.013,15.930,-38.940,-61.340
-0.311,-0.902,1.030,16.113,-39.673,-44.495
-0.354,-0.890,1.042,6.653,-41.687,-23.682
-0.408,-0.846,1.020,-10.559,-46.631,-3.723
-0.435,-0.787,0.993,-23.010,-55.237,13.855
-0.440,-0.736,0.959,-32.654,-66.895,27.100
-0.442,-0.763,0.910,-40.894,-79.956,32.837
-0.394,-0.777,0.872,-50.110,-94.482,39.063
-0.335,-0.802,0.835,-60.120,-108.643,54.321
-0.187,-0.796,0.859,-67.871,-113.831,75.623
-0.016,-0.774,0.925,-68.420,-112.915,96.619
0.067,-0.776,0.928,-52.734,-103.577,107.666
0.123,-0.753,0.931,-32.166,-86.792,114.441
0.111,-0.712,0.933,-16.846,-67.200,123.352
0.076,-0.624,0.932,-9.827,-52.063,135.437
0.012,-0.538,0.905,-8.606,-43.762,148.010
-0.002,-0.423,0.909,-19.531,-37.659,158.997
-0.054,-0.357,0.863,-23.743,-40.405,165.466
-0.046,-0.296,0.870,-25.757,-45.227,168.701
0.005,-0.240,0.881,-22.949,-49.194,167.542
0.069,-0.224,0.913,-24.963,-48.767,164.734
0.163,-0.257,0.958,-26.855,-44.434,162.170
0.285,-0.279,0.993,-22.827,-36.926,162.476
0.335,-0.257,1.003,-12.451,-26.367,163.696
0.324,-0.185,1.036,0.366,-12.634,163.086
0.274,-0.082,1.073,13.428,1.038,159.973
0.173,0.036,1.067,24.170,11.047,152.954
0.072,0.196,1.070,25.146,17.090,142.334
-0.016,0.391,1.093,23.376,18.311,125.610
-0.054,0.543,1.087,18.188,16.541,103.638
-0.085,0.662,1.087,4.456,15.320,77.759
-0.138,0.726,1.118,-11.414,16.235,53.162
-0.194,0.702,1.117,-24.414,17.395,37.354
-0.222,0.618,1.105,-36.499,13.428,32.166
-0.194,0.537,1.116,-46.509,5.249,38.879
-0.106,0.495,1.143,-49.683,-2.136,50.659
-0.046,0.373,1.167,-39.063,-2.197,52.368
0.027,0.364,1.230,-18.738,10.498,44.556
-0.020,0.381,1.245,4.395,24.719,40.649
-0.121,0.507,1.249,25.024,34.790,33.691
-0.227,0.633,1.232,37.903,46.387,25.513
-0.317,0.761,1.192,43.091,55.908,12.878
-0.385,0.843,1.141,39.612,60.242,-0.977
-0.425,0.872,1.086,27.161,58.105,-13.123
-0.443,0.851,1.045,12.634,55.115,-29.907
-0.444,0.757,0.974,2.747,51.636,-50.964
-0.461,0.690,0.929,-7.324,46.631,-74.097
-0.517,0.545,0.894,-10.376,42.664,-94.360
-0.503,0.429,0.884,-10.254,37.537,-107.422
-0.479,0.361,0.897,-7.874,33.081,-109.619
-0.475,0.295,0.836,4.028,30.396,-106.567
-0.452,0.294,0.840,14.954,30.884,-106.689
-0.494,0.308,0.840,26.001,35.522,-112.610
-0.543,0.310,0.821,34.668,35.950,-118.958
-0.548,0.355,0.847,34.241,34.058,-125.916
-0.559,0.388,0.836,34.363,34.180,-135.254
-0.607,0.379,0.803,36.316,34.241,-147.095
-0.637,0.358,0.780,35.034,33.203,-161.072
-0.685,0.295,0.741,32.288,29.053,-173.279
-0.662,0.244,0.758,24.963,22.705,-180.115
-0.722,0.193,0.759,16.235,16.968,-186.218
-0.755,0.059,0.746,9.827,16.418,-181.091
-0.734,-0.044,0.758,-2.258,16.724,-168.762
-0.732,-0.141,0.775,-15.137,3.113,-159.912
-0.719,-0.196,0.801,-24.780,-9.888,-147.766
-0.665,-0.225,0.848,-25.024,-15.991,-137.756
-0.626,-0.342,0.912,-15.320,-15.564,-136.169
-0.612,-0.390,0.952,-3.967,-11.597,-138.611
-0.586,-0.462,0.968,11.414,-7.690,-142.212
-0.584,-0.503,0.992,25.635,-3.296,-145.447
-0.583,-0.465,1.000,28.564,0.732,-144.348
-0.572,-0.429,0.994,23.193,2.075,-137.939
-0.597,-0.426,1.000,12.573,0.610,-126.770
-0.588,-0.412,1.027,-2.869,-1.282,-111.023
-0.569,-0.443,1.008,-15.015,-4.395,-98.938
-0.567,-0.490,1.058,-26.367,-5.737,-89.661
-0.567,-0.622,1.010,-33.447,-7.507,-76.904
-0.530,-0.704,1.018,-45.105,-9.827,-55.237
-0.465,-0.756,1.026,-52.490,-12.024,-26.001
-0.419,-0.754,1.052,-54.138,-13.123,-3.052
-0.390,-0.764,1.045,-43.945,-11.963,9.521
-0.366,-0.785,1.034,-33.325,-9.705,15.991
-0.371,-0.704,1.039,-31.494,-9.644,23.865
-0.251,-0.630,1.068,-30.945,-12.634,38.147
-0.250,-0.570,1.042,-28.442,-17.639,53.772
-0.178,-0.495,1.017,-39.063,-19.165,69.763
-0.142,-0.446,1.011,-45.776,-16.296,76.904
-0.154,-0.412,0.959,-46.936,-13.916,78.552
-0.210,-0.457,0.918,-51.819,-7.324,83.618
-0.226,-0.538,0.892,-54.565,0.122,96.252
-0.187,-0.571,0.868,-56.091,1.038,118.286
-0.171,-0.535,0.897,-57.922,0.366,143.433
-0.145,-0.486,0.893,-53.711,1.099,162.537
-1.348,1.321,1.758,18.250,44.312,16.541
-0.280,-0.027,1.534,33.875,74.219,-82.886
-0.468,-0.900,1.224,21.851,85.083,-113.647
-0.631,-0.748,1.139,-63.049,67.444,-70.923
-0.575,-0.567,0.756,-27.588,31.677,-34.363
-0.425,-0.524,0.802,72.144,20.935,-28.992
-0.510,-0.287,0.835,128.113,44.861,-38.391
-0.446,-0.021,0.914,149.841,58.899,-47.058
-0.273,0.122,0.955,131.287,61.951,-56.396
-0.146,0.136,0.971,88.867,55.847,-70.190
-0.079,0.107,0.950,44.678,40.100,-86.060
0.178,-0.040,0.872,8.484,23.254,-99.670
0.187,-0.223,0.792,-6.348,9.705,-99.976
0.156,-0.292,0.647,-15.442,6.531,-87.952
0.139,-0.316,0.584,-14.832,9.521,-74.829
0.148,-0.223,0.596,-9.155,14.526,-63.232
0.093,-0.097,0.587,-5.615,17.517,-59.753
-0.041,-0.032,0.559,-3.479,13.794,-70.129
-0.157,0.019,0.505,-10.071,-1.526,-80.383
-0.210,0.062,0.498,-36.682,-20.996,-81.299
-0.233,0.029,0.510,-70.618,-41.931,-75.500
-0.210,-0.008,0.527,-99.060,-61.646,-67.017
-0.198,-0.062,0.579,-109.436,-76.538,-65.063
-0.219,-0.096,0.646,-95.032,-81.970,-74.158
-0.175,-0.191,0.766,-70.374,-78.430,-79.712
-0.066,-0.162,0.914,-55.786,-69.336,-68.787
-0.108,-0.192,0.914,-46.204,-70.740,-53.284
-0.080,-0.133,0.959,-33.691,-73.975,-44.189
-0.149,-0.085,0.962,-12.939,-65.002,-37.781
-0.245,-0.090,0.968,29.053,-52.551,-39.307
-0.332,-0.126,0.918,69.153,-37.781,-45.105
-0.435,-0.238,0.873,83.374,-23.254,-45.410
-0.626,-0.403,0.812,64.148,-16.296,-43.335
-0.569,-0.218,0.807,9.460,-17.090,-45.959
-0.556,-0.198,0.772,-12.207,-27.283,-56.335
-0.645,-0.161,0.846,-1.221,-40.710,-63.354
-0.622,-0.171,0.877,22.400,-50.415,-67.810
-0.540,-0.107,1.046,30.090,-55.115,-71.960
-0.510,-0.104,1.202,26.917,-56.763,-69.641
-0.384,-0.194,1.545,42.175,-50.659,-63.660
-0.236,-0.132,1.785,115.723,-27.344,-57.617
-0.030,-0.676,1.618,191.345,-1.892,-51.270
-0.153,-0.770,1.443,108.887,7.812,-23.560
-0.427,-0.706,1.186,11.658,17.212,-3.113
-0.650,-0.613,1.052,-41.626,24.170,10.925
-0.658,-0.533,0.860,-42.664,16.479,15.747
-0.596,-0.434,0.779,-26.184,3.357,15.198
-0.635,-0.370,0.913,-5.127,-5.859,18.066
-0.507,-0.397,0.984,16.357,-10.437,25.879
-0.388,-0.392,1.116,15.259,-14.038,26.489
-0.267,-0.359,1.172,2.136,-18.982,20.996
-0.011,-0.395,1.086,1.038,-20.264,18.372
-0.063,-0.464,1.036,4.089,-18.127,15.259
-0.233,-0.550,0.920,7.507,-12.634,26.184
-0.027,-0.833,0.852,8.057,-6.775,52.795
0.330,-0.948,0.806,-19.592,-2.075,79.651
0.434,-0.420,1.041,-73.975,-2.197,89.355
0.348,-0.235,1.135,-84.167,-2.197,73.975
0.286,-0.344,0.986,-45.837,-0.488,59.448
0.278,-0.384,0.948,-40.588,-4.089,57.556
0.240,-0.398,0.864,-41.992,-6.897,61.584
0.226,-0.359,0.862,-37.781,-4.700,73.486
0.277,-0.244,0.873,-33.264,0.977,89.966
0.314,-0.218,0.901,-33.691,7.141,104.187
0.266,-0.134,0.995,-39.917,12.512,114.685
0.170,-0.049,1.084,-39.124,18.555,118.347
0.091,-0.004,1.092,-22.766,21.851,117.981
0.036,0.059,1.105,-11.536,20.447,117.371
-0.030,0.086,1.108,-8.362,18.494,116.516
-0.081,0.149,1.093,-4.272,16.663,110.779
-0.068,0.209,1.104,-1.953,17.273,104.004
0.009,0.202,1.112,0.854,22.583,100.281
0.041,0.238,1.108,4.333,32.288,100.281
-0.054,0.334,1.101,8.423,44.617,100.464
-0.189,0.450,1.083,5.676,56.580,100.830
-0.360,0.566,1.042,-2.014,62.683,100.464
-0.522,0.594,0.972,-9.399,60.303,98.328
-0.674,0.580,0.932,-15.076,51.025,93.445
-0.747,0.558,0.896,-15.869,37.354,83.435
-0.760,0.504,0.890,-7.690,23.254,68.054
-0.722,0.482,0.970,2.686,14.954,50.964
-0.614,0.490,1.017,12.329,14.893,37.476
-0.562,0.493,1.054,20.935,23.376,24.475
-0.563,0.520,1.080,24.780,38.147,14.160
-0.596,0.580,1.110,22.766,54.016,6.042
-0.633,0.634,1.102,18.860,68.848,-3.540
-0.666,0.626,1.065,13.733,80.688,-14.099
-0.692,0.605,1.006,10.498,86.975,-24.597
-0.714,0.573,0.924,7.446,87.524,-32.715
-0.784,0.397,0.793,5.798,84.595,-36.682
-0.846,0.342,0.738,-1.404,80.811,-47.791
-0.826,0.373,0.711,-6.165,78.552,-64.453
-0.774,0.380,0.689,-9.644,74.890,-79.834
-0.748,0.296,0.688,-7.629,68.176,-93.811
-0.683,0.255,0.701,-7.751,61.523,-106.506
-0.630,0.114,0.666,-1.221,55.359,-115.784
-0.591,-0.011,0.592,7.629,47.729,-118.347
-0.542,-0.047,0.593,7.446,35.828,-118.835
-0.463,-0.149,0.541,16.174,23.865,-125.366
-0.536,-0.284,0.614,39.978,16.235,-130.188
-0.425,-0.322,0.542,63.904,19.043,-129.578
-0.361,-0.377,0.673,71.655,23.315,-129.944
-0.277,-0.275,0.641,83.679,25.879,-128.052
-0.414,-0.239,0.840,88.074,29.480,-126.587
-0.346,-0.225,0.866,81.055,34.607,-125.977
-0.271,-0.047,0.742,77.515,40.222,-122.559
-0.511,-0.429,0.838,22.400,34.424,-129.639
-0.374,-0.473,0.928,-60.974,21.118,-117.981
-0.151,-0.552,0.903,-88.196,7.324,-98.694
-0.128,-0.694,1.066,-71.655,-3.662,-91.614
-0.194,-0.800,0.971,-17.883,-10.010,-92.896
-0.037,-0.771,0.893,21.118,-12.451,-87.952
-0.009,-0.755,0.916,30.884,-17.700,-83.374
0.050,-0.823,0.959,18.921,-21.179,-78.003
0.245,-0.798,1.007,-5.066,-22.827,-70.801
0.135,-0.769,1.086,-23.132,-25.269,-67.871
0.159,-0.753,1.126,-27.954,-24.597,-60.913
0.129,-0.804,1.159,-38.940,-25.635,-51.270
0.152,-0.835,1.133,-42.053,-28.625,-37.720
-0.658,1.051,0.967,16.541,54.504,33.997
-0.731,1.076,1.000,7.324,48.767,27.527
-0.777,1.069,1.024,2.014,40.588,15.930
-0.803,1.008,1.003,-7.080,34.607,-0.549
-0.829,0.899,0.974,-15.442,28.320,-18.005
-0.840,0.813,0.973,-24.292,20.325,-34.546
-0.793,0.757,0.931,-32.227,11.536,-49.500
-0.755,0.678,0.857,-30.396,4.456,-67.139
-0.714,0.605,0.778,-25.513,2.014,-86.060
-0.667,0.546,0.743,-22.156,1.587,-103.943
-0.602,0.501,0.738,-19.348,1.770,-119.446
-0.535,0.454,0.740,-17.700,2.075,-132.446
-0.504,0.389,0.749,-20.691,2.136,-144.836
-0.480,0.312,0.737,-24.353,0.610,-156.799
-0.443,0.260,0.743,-29.968,-1.587,-167.358
-0.453,0.151,0.752,-28.381,-5.493,-177.124
-0.477,-0.049,0.735,-20.752,-10.742,-185.242
-0.517,-0.286,0.715,-10.925,-20.264,-184.814
-0.487,-0.345,0.688,-12.573,-35.583,-169.006
-0.458,-0.321,0.714,-12.451,-54.321,-147.888
-0.402,-0.268,0.770,-2.014,-67.017,-135.559
-0.363,-0.233,0.815,13.794,-70.923,-138.489
-0.324,-0.219,0.873,27.588,-69.153,-152.161
-0.293,-0.235,0.930,38.086,-63.965,-166.992
-0.268,-0.252,0.995,42.297,-58.167,-178.406
-0.271,-0.250,1.046,40.588,-53.589,-186.584
-0.264,-0.261,1.077,39.551,-49.744,-193.359
-0.302,-0.365,1.079,41.626,-47.791,-201.111
-0.382,-0.495,1.092,39.795,-50.354,-197.327
-0.355,-0.538,1.081,30.334,-59.937,-170.776
-0.322,-0.514,1.084,19.470,-75.745,-129.639
-0.299,-0.434,1.067,12.268,-92.102,-91.187
-0.259,-0.401,1.064,11.841,-99.609,-67.749
-0.232,-0.378,1.108,8.179,-97.473,-58.899
-0.187,-0.398,1.148,3.418,-83.923,-55.115
-0.142,-0.408,1.181,-0.366,-64.392,-52.734
-0.125,-0.433,1.234,-0.366,-52.124,-48.889
-0.130,-0.444,1.246,3.540,-49.988,-40.710
-0.072,-0.453,1.266,-1.465,-49.988,-26.245
-0.002,-0.477,1.236,-7.751,-53.650,-12.695
-0.095,-0.505,1.236,-15.381,-57.251,3.052
-0.016,-0.496,1.230,-21.423,-55.786,20.508
-0.002,-0.454,1.196,-22.644,-53.467,29.480
0.036,-0.441,1.184,-20.752,-48.035,37.170
0.036,-0.418,1.177,-17.090,-41.260,43.823
0.016,-0.410,1.157,-13.428,-35.034,53.650
0.022,-0.374,1.141,-11.353,-28.748,67.017
0.028,-0.353,1.102,-11.902,-21.606,79.956
0.049,-0.294,1.098,-16.724,-14.648,89.172
0.025,-0.289,1.053,-17.700,-8.850,94.849
0.080,-0.275,1.031,-20.935,-2.441,100.464
0.089,-0.276,1.011,-25.146,3.174,111.084
0.125,-0.219,1.032,-30.579,6.409,127.502
0.120,-0.164,1.144,-37.842,11.475,140.564
0.180,-0.145,1.058,-32.654,13.672,149.658
0.179,-0.107,1.064,-29.358,16.357,154.724
0.159,-0.083,1.044,-25.330,24.902,157.166
0.146,-0.018,1.032,-18.494,34.912,158.508
0.096,0.037,1.045,-13.794,45.044,157.410
0.041,0.114,1.043,-11.475,54.626,155.945
0.019,0.202,1.051,-10.925,60.303,155.273
0.012,0.287,1.041,-13.428,60.913,154.480
0.030,0.383,1.043,-19.104,58.838,153.320
0.047,0.460,1.060,-25.208,54.993,149.719
0.098,0.543,1.086,-33.508,52.490,143.982
0.124,0.567,1.085,-37.109,53.833,137.024
0.117,0.600,1.105,-38.574,58.716,132.629
0.108,0.662,1.109,-39.307,67.261,128.906
0.076,0.652,1.097,-33.997,78.491,125.244
-0.006,0.647,1.062,-35.522,90.637,118.591
-0.086,0.712,0.997,-43.762,101.501,108.154
-0.195,0.733,0.949,-51.880,109.131,94.238
-0.233,0.822,0.874,-61.218,110.229,74.768
-0.312,0.885,0.769,-59.204,106.750,51.331
-0.405,0.926,0.672,-57.495,102.844,26.306
-0.497,0.905,0.605,-56.763,97.473,1.953
-0.562,0.791,0.555,-58.228,84.229,-10.742
-0.607,0.738,0.517,-65.979,61.340,-5.798
-0.578,0.757,0.512,-75.684,32.410,11.963
-0.524,0.740,0.523,-77.576,2.258,27.527
-0.409,0.690,0.536,-72.571,-18.372,31.311
-0.306,0.694,0.620,-56.274,-23.071,20.386
-0.259,0.680,0.702,-29.846,-13.611,1.404
-0.229,0.649,0.710,-3.357,5.188,-13.977
-0.309,0.664,0.724,11.353,25.818,-18.982
-0.419,0.722,0.721,19.165,38.269,-17.883
-0.514,0.746,0.695,21.362,46.265,-19.897
-0.630,0.761,0.687,21.118,49.133,-25.330
-0.735,0.725,0.671,23.193,45.349,-35.889
-0.802,0.664,0.621,19.409,35.095,-49.377
-0.821,0.602,0.593,15.747,20.813,-61.890
-0.816,0.517,0.563,16.418,2.441,-73.059
-0.779,0.445,0.614,16.968,-16.968,-83.862
-0.711,0.361,0.660,22.339,-35.400,-96.863
-0.613,0.242,0.718,28.137,-51.086,-107.788
-0.512,0.159,0.782,29.724,-63.293,-111.145
-0.427,0.105,0.835,29.297,-71.655,-108.032
-0.361,0.071,0.889,35.095,-75.439,-104.431
-0.316,0.040,0.934,35.889,-73.547,-106.018
-0.307,-0.006,0.965,38.330,-66.162,-113.342
-0.284,-0.044,0.978,44.189,-56.885,-118.835
-0.297,-0.105,0.983,49.988,-49.561,-121.765
-0.322,-0.142,0.980,50.964,-45.471,-120.667
-0.353,-0.160,0.980,48.157,-44.434,-117.676
-0.370,-0.178,0.954,45.227,-46.509,-117.859
-0.375,-0.226,0.937,46.021,-50.842,-120.728
-0.401,-0.321,0.936,48.279,-56.519,-122.192
-0.394,-0.355,0.977,50.415,-63.843,-119.019
-0.354,-0.348,1.041,52.124,-72.632,-115.662
-0.290,-0.330,1.124,54.443,-79.651,-113.953
-0.230,-0.313,1.198,53.772,-81.665,-112.488
-0.207,-0.330,1.329,49.194,-78.125,-111.023
-0.167,-0.367,1.379,41.992,-73.303,-108.032
-0.154,-0.422,1.398,31.433,-71.289,-101.135
-0.113,-0.475,1.345,18.677,-71.045,-87.036
-0.085,-0.496,1.284,12.146,-72.449,-68.420
-0.043,-0.493,1.242,8.057,-70.313,-51.758
-0.034,-0.492,1.188,5.188,-64.331,-40.771
0.018,-0.503,1.170,7.080,-57.007,-30.701
-1.089,0.647,0.704,-35.889,28.137,-55.969
-1.120,0.465,0.671,-31.250,18.005,-72.815
-1.089,0.337,0.608,-24.963,3.540,-81.299
-1.033,0.285,0.586,-17.029,-14.832,-84.900
-0.948,0.242,0.593,-4.883,-32.043,-94.177
-0.811,0.180,0.615,8.301,-43.091,-109.863
-0.712,0.091,0.692,18.555,-49.438,-125.488
-0.631,-0.035,0.693,23.437,-55.176,-133.362
-0.551,-0.095,0.734,19.775,-58.716,-130.249
-0.517,-0.178,0.751,18.860,-62.500,-130.493
-0.491,-0.262,0.765,21.057,-64.697,-134.460
-0.478,-0.404,0.787,26.001,-65.308,-136.230
-0.460,-0.498,0.831,29.846,-65.247,-134.827
-0.414,-0.601,0.885,37.048,-65.552,-131.409
-0.359,-0.674,0.962,47.729,-65.735,-126.404
-0.312,-0.712,1.035,58.777,-64.880,-120.911
-0.246,-0.771,1.128,70.679,-63.232,-116.272
-0.179,-0.810,1.236,75.806,-61.157,-110.840
-0.116,-0.829,1.321,81.848,-59.021,-103.638
-0.049,-0.839,1.384,88.684,-56.030,-94.971
0.041,-0.800,1.440,85.449,-52.185,-85.327
0.112,-0.780,1.497,72.876,-49.377,-72.876
0.188,-0.778,1.513,53.345,-47.913,-56.091
0.260,-0.752,1.519,34.058,-46.265,-38.086
0.297,-0.787,1.451,20.813,-42.786,-20.264
0.324,-0.801,1.362,11.108,-35.767,-5.676
0.338,-0.815,1.276,8.240,-25.208,6.775
0.326,-0.834,1.200,13.123,-12.878,17.395
0.350,-0.811,1.129,19.775,-3.784,31.433
0.326,-0.753,1.073,21.790,2.502,49.805
0.270,-0.659,1.108,21.973,9.155,70.496
0.258,-0.546,1.058,25.269,10.010,81.787
0.257,-0.480,1.037,27.405,9.277,93.079
0.237,-0.374,1.046,21.606,6.042,106.628
0.251,-0.285,1.047,16.602,3.235,116.211
0.283,-0.170,1.071,11.780,2.625,121.643
0.334,-0.056,1.099,7.690,3.845,124.023
0.351,-0.006,1.125,10.010,7.568,125.549
0.359,0.063,1.146,10.254,12.573,129.395
0.342,0.135,1.154,8.545,18.372,131.348
0.324,0.242,1.174,5.737,26.184,132.080
0.270,0.316,1.163,7.996,34.912,131.409
0.201,0.508,1.156,5.188,42.175,129.517
0.129,0.601,1.134,4.639,48.889,123.047
0.090,0.660,1.093,7.507,52.429,114.990
0.068,0.700,1.035,1.282,49.988,107.605
0.047,0.732,0.985,-6.897,45.654,100.403
0.025,0.729,0.932,-13.733,41.260,92.468
0.000,0.750,0.883,-19.531,37.476,83.862
-0.014,0.742,0.850,-24.475,37.354,74.524
-0.071,0.771,0.856,-30.212,40.710,63.171
-0.118,0.818,0.886,-40.222,47.119,51.453
-0.192,0.839,0.897,-48.645,54.565,41.260
-0.263,0.870,0.876,-53.833,59.937,32.837
-0.365,0.900,0.864,-60.974,62.683,26.123
-0.480,0.910,0.863,-70.068,63.904,18.311
-0.599,0.901,0.830,-75.562,63.965,9.277
-0.721,0.848,0.805,-75.684,60.730,-0.244
-0.895,0.748,0.777,-73.792,51.941,-10.803
-1.065,0.679,0.758,-75.134,40.100,-23.499
-1.189,0.596,0.673,-66.711,26.794,-38.513
-1.269,0.520,0.619,-54.626,11.292,-57.800
-1.289,0.510,0.608,-49.255,-4.211,-79.590
-1.214,0.501,0.609,-43.762,-17.517,-101.868
-1.105,0.452,0.643,-33.447,-29.114,-124.146
-0.986,0.331,0.682,-25.940,-40.466,-143.127
-0.860,0.182,0.732,-26.184,-51.575,-156.860
-0.782,-0.048,0.802,-30.762,-62.744,-161.377
-0.681,-0.174,0.808,-40.039,-76.538,-157.898
-0.592,-0.334,0.826,-42.419,-92.896,-151.794
-0.481,-0.451,0.857,-34.119,-105.896,-146.484
-0.368,-0.581,0.899,-20.142,-114.136,-143.860
-0.290,-0.727,0.944,-3.479,-115.112,-142.151
-0.179,-0.801,1.045,9.338,-108.398,-137.695
-0.094,-0.874,1.121,24.353,-101.440,-132.202
-0.085,-0.945,1.198,39.063,-92.102,-126.526
-0.058,-0.952,1.218,56.091,-80.872,-120.667
-0.048,-0.953,1.277,76.599,-70.496,-118.103
-0.056,-0.974,1.343,96.863,-59.204,-115.845
-0.078,-0.958,1.373,105.103,-49.927,-107.971
-0.113,-0.914,1.440,101.868,-46.570,-92.957
-0.136,-0.823,1.452,91.309,-46.570,-73.608
-0.131,-0.692,1.439,76.477,-50.415,-56.396
-0.113,-0.604,1.371,59.875,-55.847,-44.312
-0.009,-0.486,1.314,42.725,-57.800,-33.264
-0.034,-0.475,1.255,32.532,-56.641,-17.334
0.004,-0.414,1.186,17.151,-59.570,2.075
0.053,-0.434,1.082,5.920,-62.927,15.503
0.065,-0.498,1.014,2.991,-59.814,28.137
0.082,-0.541,0.966,0.061,-56.396,40.039
0.141,-0.613,0.942,6.165,-52.979,50.903
0.169,-0.579,0.975,18.372,-48.401,65.552
0.135,-0.504,0.988,36.316,-44.495,76.965
0.148,-0.396,0.998,53.040,-38.269,85.266
0.145,-0.284,1.049,59.998,-30.273,96.069
0.086,-0.164,1.101,57.800,-23.682,107.788
0.215,-0.073,1.122,44.922,-17.395,120.178
0.286,0.014,1.229,26.794,-10.742,124.695
0.373,0.054,1.203,15.747,-6.958,122.742
0.448,0.032,1.203,4.272,-1.160,127.319
0.529,-0.016,1.232,0.061,8.179,138.489
0.562,0.018,1.223,0.732,19.531,150.635
0.506,0.090,1.192,9.949,30.029,157.471
0.365,0.132,1.198,18.860,42.847,159.485
0.211,0.258,1.150,18.677,55.847,159.424
0.072,0.399,1.146,13.611,65.857,158.142
-0.034,0.516,1.143,10.315,70.068,153.259
-0.097,0.634,1.140,0.305,68.298,144.714
-0.120,0.721,1.133,-12.451,62.988,133.667
-0.093,0.795,1.106,-29.419,57.678,122.986
-0.078,0.836,1.088,-44.800,53.345,109.436
-0.055,0.843,1.077,-48.767,48.950,92.529
-0.015,0.804,1.082,-48.828,52.002,78.735
0.012,0.747,1.065,-49.133,62.683,69.702
-0.016,0.620,1.062,-47.485,78.613,65.918
-0.177,0.563,0.987,-50.903,91.370,65.063
-0.349,0.542,0.880,-50.110,97.900,62.073
-0.570,0.513,0.761,-44.128,98.267,52.795
-0.727,0.533,0.658,-44.739,95.093,39.490
-1.010,0.790,0.892,-45.898,26.428,-93.140
-0.984,0.741,0.924,-45.288,17.090,-112.122
-0.956,0.671,0.915,-51.636,8.728,-125.549
-0.920,0.577,0.877,-58.411,0.549,-135.010
-0.918,0.406,0.848,-62.683,-7.935,-142.761
-0.934,0.221,0.777,-61.157,-17.273,-152.466
-0.928,0.034,0.724,-52.490,-28.137,-159.302
-0.934,-0.178,0.694,-41.016,-41.199,-166.748
-0.877,-0.318,0.679,-32.593,-57.068,-171.997
-0.766,-0.392,0.732,-14.587,-75.439,-173.035
-0.631,-0.460,0.812,4.028,-92.224,-171.265
-0.503,-0.457,0.913,8.057,-104.431,-167.725
-0.389,-0.503,1.003,5.188,-109.924,-163.147
-0.310,-0.577,1.079,1.404,-110.535,-158.142
-0.253,-0.713,1.130,-2.625,-110.229,-149.780
-0.197,-0.834,1.147,-1.587,-110.596,-135.498
-0.174,-0.887,1.179,-2.319,-111.694,-115.173
-0.159,-0.925,1.197,0.854,-110.291,-96.436
-0.126,-0.964,1.222,9.338,-105.103,-85.205
-0.088,-0.974,1.234,18.982,-98.511,-77.148
-0.023,-0.947,1.239,30.334,-91.858,-67.566
0.004,-0.917,1.260,41.138,-83.923,-55.786
0.048,-0.831,1.323,44.617,-72.632,-42.847
0.077,-0.736,1.360,43.823,-58.044,-29.907
0.098,-0.651,1.351,42.053,-43.518,-16.174
0.081,-0.615,1.351,34.729,-30.334,-1.953
0.047,-0.613,1.333,20.203,-21.423,14.099
0.024,-0.624,1.295,2.136,-19.653,32.043
-0.036,-0.603,1.243,-10.559,-21.301,52.612
-0.038,-0.553,1.200,-20.020,-22.278,73.608
-0.031,-0.497,1.151,-21.606,-22.339,79.651
0.020,-0.482,1.135,-20.813,-18.433,87.158
0.078,-0.472,1.105,-20.325,-14.465,99.670
0.148,-0.443,1.069,-18.250,-9.338,112.366
0.172,-0.392,1.052,-14.038,-0.854,125.366
0.200,-0.332,1.026,-3.174,10.986,134.827
0.185,-0.267,1.033,5.676,23.804,142.212
0.161,-0.181,1.042,4.944,36.011,149.902
0.135,-0.088,1.052,3.479,42.419,158.020
0.094,0.007,1.033,0.000,44.495,164.551
0.078,0.123,1.038,-6.836,44.739,168.274
0.062,0.174,1.043,-11.780,44.922,167.114
0.060,0.231,1.057,-13.916,44.800,164.001
0.045,0.269,1.045,-10.864,43.640,161.987
0.040,0.303,1.043,-5.127,42.053,160.645
0.037,0.357,1.049,0.122,42.969,160.767
0.050,0.387,1.022,9.827,45.532,158.020
0.073,0.447,1.002,20.996,49.500,154.236
0.019,0.475,1.021,29.297,53.833,150.085
-0.056,0.576,1.008,28.381,58.228,146.057
-0.107,0.671,1.002,22.766,63.049,143.799
-0.191,0.744,0.979,16.113,64.453,137.512
-0.301,0.786,0.955,4.639,61.768,129.822
-0.416,0.807,0.933,-8.972,56.091,120.972
-0.496,0.816,0.910,-23.315,51.147,107.361
-0.532,0.740,0.875,-33.142,47.180,89.600
-0.521,0.667,0.838,-37.659,45.288,72.266
-0.518,0.658,0.828,-33.142,46.997,55.603
-0.544,0.679,0.843,-19.165,53.467,39.185
-0.557,0.729,0.881,-6.897,62.439,23.193
-0.551,0.792,0.927,-2.930,68.848,9.033
-0.559,0.867,0.971,-8.545,71.533,-1.831
-0.615,0.912,1.029,-19.531,73.669,-10.742
-0.698,0.851,1.085,-28.442,75.195,-19.775
-0.824,0.680,1.022,-38.452,71.655,-28.442
-0.922,0.586,0.955,-51.086,62.561,-36.987
-0.989,0.488,0.849,-53.528,48.645,-51.208
-0.993,0.424,0.718,-52.612,32.837,-71.045
-0.958,0.383,0.649,-45.105,20.081,-90.881
-0.880,0.358,0.668,-34.302,8.667,-109.680
-0.772,0.347,0.724,-25.330,-2.380,-127.319
-0.665,0.288,0.765,-20.569,-11.841,-143.921
-0.571,0.210,0.790,-20.081,-20.325,-155.334
-0.507,0.158,0.803,-25.452,-26.794,-159.607
-0.495,0.037,0.785,-28.625,-30.579,-161.560
-0.497,-0.031,0.766,-32.166,-32.471,-164.307
-0.534,-0.205,0.723,-27.893,-35.156,-167.419
-0.569,-0.366,0.666,-15.991,-42.358,-165.283
-0.598,-0.466,0.639,-8.057,-54.260,-155.457
-0.565,-0.399,0.671,-4.944,-69.031,-146.545
-0.526,-0.356,0.727,7.141,-80.444,-149.841
-0.477,-0.378,0.818,21.118,-85.510,-161.377
-0.380,-0.450,0.878,32.471,-89.233,-170.044
-0.303,-0.545,0.925,40.405,-94.971,-168.274
-0.245,-0.647,0.995,39.429,-98.267,-157.043
-0.200,-0.704,1.050,34.302,-99.243,-142.151
-0.190,-0.763,1.111,35.400,-98.694,-130.737
-0.169,-0.831,1.165,46.448,-94.604,-125.916
-0.193,-0.926,1.245,61.462,-88.135,-123.413
-0.141,-0.916,1.252,67.749,-83.557,-115.723
-0.099,-0.870,1.302,70.190,-83.496,-105.042
-0.105,-0.810,1.316,69.275,-81.299,-89.417
0.073,-0.751,1.412,57.068,-73.486,-70.129
0.180,-0.672,1.471,39.124,-68.787,-60.120
0.215,-0.644,1.465,28.198,-67.017,-50.598
0.152,-0.618,1.431,14.771,-65.613,-31.677
0.264,-0.631,1.406,-0.488,-59.814,-3.235
0.207,-0.649,1.302,-0.427,-59.204,10.010
0.169,-0.694,1.209,-0.549,-52.795,23.560
0.138,-0.692,1.137,0.732,-41.992,37.598
0.179,-0.713,1.075,7.568,-32.288,50.110
0.164,-0.663,1.063,11.475,-25.574,65.430
0.164,-0.589,1.021,14.709,-21.484,80.750
0.173,-0.513,0.992,17.822,-16.663,92.529
0.201,-0.400,0.973,14.526,-12.390,103.333
0.188,-0.345,0.988,5.310,-8.423,114.624
0.203,-0.219,0.992,-3.418,-6.470,125.061
0.222,-0.130,0.991,-6.226,-7.019,134.705
0.213,-0.074,1.001,-12.085,-6.775,141.846
0.224,0.000,1.014,-21.606,-5.615,147.888
0.268,0.052,1.062,-26.184,-3.235,153.442
0.270,0.054,1.111,-18.127,2.075,158.020
0.204,0.080,1.151,-11.047,14.587,162.964
0.075,0.184,1.151,-1.953,30.273,165.710
-0.069,0.311,1.142,11.902,44.617,163.940
-0.209,0.449,1.124,20.691,55.115,158.508
-0.315,0.589,1.105,19.836,60.791,149.841
-0.366,0.719,1.089,12.207,60.303,139.160
-0.372,0.804,1.081,3.723,53.284,127.380
-1.062,0.785,0.899,-27.466,50.232,0.366
-1.109,0.699,0.900,-36.255,41.077,-14.343
-1.101,0.655,0.849,-47.974,26.794,-30.762
-1.025,0.525,0.770,-46.448,9.583,-50.720
-0.927,0.403,0.689,-36.865,-5.005,-71.167
-0.844,0.324,0.659,-26.855,-15.320,-89.111
-0.767,0.247,0.667,-14.465,-22.583,-107.178
-0.665,0.169,0.683,-1.404,-28.076,-123.169
-0.557,0.130,0.724,4.456,-33.142,-132.690
-0.493,0.104,0.761,3.845,-36.987,-138.184
-0.445,0.042,0.791,4.456,-39.185,-144.653
-0.422,-0.065,0.810,6.104,-39.734,-151.550
-0.397,-0.136,0.860,4.456,-41.321,-155.579
-0.358,-0.214,0.871,8.057,-45.715,-158.508
-0.342,-0.296,0.918,11.597,-50.659,-161.133
-0.324,-0.368,0.957,12.146,-55.786,-160.339
-0.282,-0.382,0.985,11.353,-63.293,-156.982
-0.257,-0.447,1.020,12.024,-68.542,-154.846
-0.229,-0.532,1.032,20.142,-71.045,-154.419
-0.155,-0.591,1.053,28.564,-72.144,-148.865
-0.112,-0.620,1.091,32.898,-71.777,-136.841
-0.068,-0.640,1.134,36.133,-68.481,-123.962
-0.024,-0.632,1.180,37.109,-62.256,-112.732
0.032,-0.685,1.228,41.931,-51.147,-99.304
0.045,-0.730,1.291,43.457,-34.363,-87.891
0.091,-0.744,1.272,42.725,-19.104,-73.059
0.154,-0.727,1.393,41.870,-2.014,-56.946
0.166,-0.758,1.398,48.706,5.737,-51.514
0.104,-0.746,1.392,51.270,2.869,-40.161
0.115,-0.696,1.356,43.823,2.136,-21.790
0.147,-0.625,1.332,34.546,-0.305,-6.287
0.182,-0.587,1.277,28.259,-6.470,4.883
0.193,-0.559,1.220,21.057,-13.611,15.259
0.223,-0.541,1.169,12.634,-19.470,26.428
0.222,-0.518,1.116,5.249,-24.231,35.339
0.210,-0.466,1.055,-1.770,-26.855,42.847
0.229,-0.485,1.029,-5.066,-25.391,54.932
0.218,-0.440,1.005,-3.784,-24.109,58.105
0.235,-0.464,0.976,2.014,-17.334,64.270
0.238,-0.437,0.966,6.653,-10.071,74.951
0.239,-0.367,0.942,13.062,-3.967,85.266
0.257,-0.309,0.914,20.203,3.845,94.666
0.261,-0.236,0.895,18.372,10.681,103.271
0.252,-0.196,0.890,11.047,13.794,113.098
0.237,-0.126,0.887,4.822,13.306,122.253
0.232,-0.028,0.901,-1.648,10.315,128.601
0.224,0.041,0.927,-6.897,5.188,131.104
0.203,0.115,0.959,-16.663,-0.244,132.019
0.203,0.160,0.977,-26.001,-4.333,134.277
0.221,0.133,1.000,-32.593,-6.287,136.780
0.225,0.118,0.988,-33.203,-5.005,139.221
0.193,0.136,1.002,-27.161,-0.549,142.578
0.113,0.218,1.061,-17.273,7.080,139.343
0.016,0.292,1.092,-10.254,16.235,130.737
-0.097,0.394,1.126,-6.897,26.123,123.352
-0.216,0.525,1.198,-4.211,34.363,122.925
-0.315,0.696,1.235,-4.822,39.856,124.146
-0.372,0.822,1.232,-5.981,42.480,119.568
-0.387,0.919,1.215,-11.047,43.274,109.863
-0.370,0.964,1.167,-18.433,42.297,96.741
-0.307,0.906,1.101,-26.978,40.344,83.557
-0.222,0.783,1.020,-36.499,38.635,72.144
-0.126,0.656,0.937,-41.748,38.391,65.247
-0.091,0.579,0.843,-38.269,40.527,59.998
-0.075,0.529,0.782,-28.503,45.654,51.575
-0.141,0.462,0.746,-19.958,53.040,41.565
-0.272,0.515,0.744,-17.517,61.096,32.837
-0.420,0.563,0.784,-11.902,68.848,24.475
-0.552,0.650,0.764,-8.728,70.862,15.442
-0.689,0.734,0.762,-12.146,67.749,4.150
-0.801,0.783,0.747,-17.212,62.439,-7.446
-0.878,0.819,0.734,-19.897,52.490,-20.325
-0.906,0.803,0.737,-18.982,37.842,-36.865
-0.891,0.776,0.763,-17.395,22.156,-54.199
-0.865,0.726,0.783,-16.418,9.583,-70.801
-0.813,0.633,0.780,-13.062,1.465,-86.060
-0.757,0.521,0.768,-9.155,-3.845,-97.595
-0.711,0.425,0.749,-8.972,-7.812,-108.459
-0.672,0.292,0.707,-6.409,-10.376,-118.835
-0.654,0.151,0.683,-1.587,-13.428,-126.770
-0.618,0.040,0.668,5.249,-18.921,-130.188
-0.580,-0.035,0.665,12.085,-26.611,-131.836
-0.536,-0.091,0.676,19.470,-33.630,-133.606
-0.508,-0.148,0.728,26.428,-39.246,-136.414
-0.468,-0.189,0.791,29.846,-43.213,-139.465
-0.434,-0.241,0.851,31.006,-46.814,-141.968
-0.402,-0.278,0.901,31.250,-49.316,-142.700
-0.361,-0.338,0.964,30.640,-50.903,-142.029
-0.319,-0.411,1.009,25.757,-53.467,-140.686
-0.291,-0.471,1.058,18.799,-57.861,-137.573
-0.241,-0.492,1.091,12.329,-62.683,-132.202
-0.197,-0.554,1.110,11.047,-66.956,-126.160
-0.165,-0.631,1.122,11.047,-68.665,-117.310
-0.116,-0.682,1.119,12.573,-66.223,-106.506
-0.075,-0.717,1.108,20.325,-59.082,-97.107
-0.052,-0.748,1.120,30.457,-48.584,-90.393
-0.030,-0.725,1.133,37.109,-37.415,-83.801
-0.017,-0.685,1.141,42.297,-27.283,-75.378
-0.052,-0.645,1.159,46.753,-19.226,-65.369
-0.125,-0.607,1.211,48.035,-13.184,-54.810
-0.143,-0.529,1.210,43.762,-12.390,-45.959
-0.164,-0.473,1.199,36.316,-14.648,-38.208
-0.146,-0.447,1.178,26.489,-18.127,-27.527
-0.140,-0.421,1.180,10.864,-25.146,-16.785
-0.118,-0.412,1.152,-3.540,-34.485,-6.531
-0.079,-0.414,1.102,-13.794,-42.480,1.160
-0.022,-0.446,1.074,-19.348,-47.119,7.935
0.055,-0.448,1.062,-22.766,-47.546,15.015
0.165,-0.470,1.045,-21.118,-44.800,23.010
0.177,-0.496,1.060,-18.066,-39.490,35.156
0.215,-0.461,1.034,-15.808,-33.142,44.739
0.236,-0.432,1.019,-11.780,-25.696,48.584
0.211,-0.399,1.016,-7.324,-17.090,55.786
0.199,-0.350,1.023,-4.883,-10.620,65.247
0.211,-0.307,1.023,-3.601,-6.409,78.064
0.195,-0.249,1.010,-7.996,-3.418,91.980
0.209,-0.172,1.016,-11.047,-0.793,102.417
0.235,-0.147,1.000,-7.507,-1.038,108.154
0.254,-0.112,0.981,-6.470,-3.174,114.258
-0.864,0.846,0.908,-50.415,76.843,52.917
-0.833,0.793,0.916,-70.862,56.580,32.104
-0.777,0.710,0.879,-84.106,41.321,11.658
-0.725,0.600,0.854,-93.689,33.936,-6.836
-0.720,0.510,0.843,-91.187,33.569,-23.254
-0.754,0.510,0.832,-79.041,40.161,-37.598
-0.842,0.534,0.813,-60.730,50.720,-54.321
-0.960,0.550,0.822,-42.847,61.829,-73.792
-1.045,0.565,0.843,-30.457,70.435,-92.957
-1.112,0.555,0.821,-23.315,72.693,-108.215
-1.141,0.553,0.791,-23.499,66.406,-122.437
-1.109,0.536,0.761,-23.804,52.002,-135.376
-1.050,0.496,0.715,-24.048,32.410,-148.804
-0.940,0.405,0.664,-28.870,12.939,-160.583
-0.843,0.272,0.629,-37.903,-4.639,-168.396
-0.779,0.121,0.610,-44.006,-21.301,-173.950
-0.735,-0.032,0.623,-44.312,-35.278,-177.429
-0.669,-0.165,0.626,-38.879,-46.448,-179.016
-0.571,-0.282,0.663,-28.442,-56.274,-178.223
-0.499,-0.344,0.717,-18.799,-67.078,-174.438
-0.418,-0.409,0.775,-13.489,-76.599,-168.701
-0.345,-0.448,0.843,-10.559,-84.900,-163.635
-0.276,-0.531,0.912,-3.113,-93.262,-158.264
-0.247,-0.577,0.992,7.507,-99.854,-150.330
-0.180,-0.601,1.098,10.376,-101.440,-136.902
-0.107,-0.626,1.195,11.841,-100.830,-126.282
-0.024,-0.639,1.309,14.587,-97.900,-119.751
0.060,-0.704,1.410,19.470,-92.224,-114.075
0.159,-0.734,1.477,19.287,-85.266,-101.135
0.242,-0.732,1.525,11.963,-78.613,-81.238
0.307,-0.704,1.549,6.470,-70.313,-59.570
0.349,-0.690,1.523,3.601,-58.594,-39.429
0.347,-0.707,1.438,1.892,-44.495,-21.484
0.334,-0.708,1.344,2.869,-28.442,-0.732
0.304,-0.694,1.260,4.333,-12.817,20.203
0.265,-0.679,1.209,8.972,-0.122,36.926
0.219,-0.639,1.197,16.724,10.742,50.659
0.188,-0.580,1.166,27.649,19.043,63.232
0.115,-0.524,1.138,37.292,26.001,74.585
0.047,-0.463,1.105,42.297,28.625,85.266
0.005,-0.388,1.088,43.762,28.748,96.497
-0.026,-0.314,1.059,43.152,27.466,109.009
-0.026,-0.243,1.029,39.917,23.865,118.469
-0.009,-0.186,1.008,31.250,19.165,125.610
0.001,-0.142,0.981,18.005,15.076,132.141
0.021,-0.148,0.944,9.644,9.399,137.817
0.058,-0.136,0.908,5.615,4.150,143.372
0.096,-0.135,0.883,5.188,1.709,148.132
0.129,-0.118,0.867,10.986,2.625,151.489
0.139,-0.077,0.895,17.822,6.470,151.794
0.141,-0.030,0.925,22.888,13.550,150.940
0.119,0.031,0.950,25.269,20.691,150.452
0.079,0.098,0.976,24.841,26.062,151.611
0.021,0.148,0.992,19.775,27.344,151.794
-0.013,0.182,1.006,12.512,25.330,148.743
-0.038,0.259,1.029,1.221,20.081,146.606
-0.005,0.303,1.072,-11.841,13.306,147.339
0.063,0.321,1.099,-24.780,5.920,148.865
0.078,0.282,1.027,-36.011,0.366,154.053
0.181,0.377,1.098,-35.522,-3.723,159.302
0.141,0.451,1.086,-24.597,4.333,150.024
0.085,0.486,1.086,-5.005,19.226,133.179
0.013,0.547,1.124,1.587,37.109,121.521
-0.109,0.737,1.090,0.122,55.298,111.511
-0.257,0.826,1.100,3.174,69.214,98.999
-0.349,0.929,1.074,1.648,77.515,86.243
-0.407,0.974,1.047,-6.348,76.965,74.524
-0.453,0.941,1.001,-18.555,68.848,65.002
-0.464,0.951,0.925,-37.476,57.129,53.162
-0.435,0.896,0.886,-53.650,44.067,36.316
-0.376,0.840,0.838,-64.514,31.189,19.775
-0.337,0.783,0.822,-71.472,22.583,2.808
-0.350,0.715,0.852,-72.754,20.203,-10.376
-0.342,0.655,0.869,-67.383,23.071,-17.822
-0.342,0.609,0.868,-56.396,27.283,-20.020
-0.379,0.626,0.861,-43.518,32.593,-16.418
-0.431,0.665,0.869,-33.691,39.917,-13.855
-0.489,0.714,0.859,-24.719,48.401,-18.433
-0.557,0.747,0.805,-16.052,55.847,-29.541
-0.612,0.722,0.764,-6.714,59.875,-42.480
-0.672,0.689,0.730,-3.479,57.190,-55.359
-0.727,0.646,0.717,-4.700,48.340,-67.444
-0.729,0.616,0.692,-8.972,36.133,-77.942
-0.719,0.555,0.679,-12.573,21.423,-89.783
-0.718,0.498,0.666,-17.334,7.019,-102.356
-0.707,0.437,0.663,-20.752,-4.578,-116.699
-0.681,0.380,0.658,-19.592,-13.916,-130.737
-0.667,0.299,0.654,-15.198,-22.827,-143.677
-0.658,0.180,0.646,-9.705,-31.433,-154.846
-0.661,0.051,0.639,-5.432,-41.138,-160.767
-0.663,-0.055,0.647,-1.648,-52.246,-160.461
-0.662,-0.092,0.667,2.136,-64.392,-153.198
-0.642,-0.068,0.705,7.507,-75.256,-145.020
-0.629,-0.040,0.760,17.395,-81.299,-143.250
-0.619,-0.010,0.820,27.222,-82.031,-148.926
-0.603,0.003,0.896,33.630,-79.956,-158.447
-0.592,-0.007,0.978,35.156,-77.881,-166.565
-0.589,-0.012,1.036,32.166,-77.515,-171.387
-0.594,-0.040,1.057,26.978,-78.979,-173.889
-0.599,-0.121,1.039,22.644,-82.886,-175.903
-0.615,-0.301,0.992,22.400,-89.050,-178.406
-0.582,-0.489,0.959,24.719,-98.999,-170.898
-0.541,-0.646,0.948,25.269,-114.319,-148.865
-0.551,-0.788,0.952,29.297,-130.981,-123.291
-0.475,-0.767,0.992,37.537,-142.334,-103.516
-0.366,-0.740,1.104,57.373,-144.775,-99.548
-0.275,-0.703,1.220,84.656,-135.559,-112.976
-0.167,-0.692,1.339,102.722,-118.774,-128.296
-0.100,-0.665,1.425,103.760,-103.210,-134.766
-0.067,-0.602,1.481,94.849,-91.125,-130.737
-0.044,-0.602,1.489,81.970,-83.130,-119.568
-0.058,-0.659,1.451,66.101,-79.834,-104.126
-0.029,-0.720,1.430,44.983,-80.750,-81.970
0.067,-0.733,1.371,26.306,-86.487,-54.810
-0.012,-0.735,1.354,14.587,-92.896,-32.532
0.040,-0.752,1.298,13.306,-93.506,-19.653
0.065,-0.773,1.251,7.446,-88.684,-9.521
0.095,-0.764,1.222,-1.404,-82.703,10.681
0.092,-0.719,1.205,-7.263,-75.745,33.325
-0.884,1.011,0.890,20.813,41.077,7.019
-0.886,1.110,0.924,23.376,37.598,-9.277
-0.864,1.116,0.923,19.714,33.020,-30.334
-0.827,1.039,0.889,7.996,25.696,-50.415
-0.774,0.889,0.839,-8.789,13.367,-63.965
-0.713,0.686,0.785,-22.522,-2.197,-72.144
-0.645,0.491,0.722,-31.738,-18.250,-77.881
-0.549,0.307,0.684,-35.156,-32.898,-83.069
-0.449,0.136,0.674,-32.715,-43.823,-88.257
-0.339,-0.026,0.691,-24.231,-50.049,-91.370
-0.273,-0.153,0.714,-11.902,-52.185,-89.478
-0.177,-0.200,0.747,0.549,-49.988,-80.139
-0.144,-0.221,0.816,13.306,-46.875,-71.289
-0.099,-0.172,0.855,23.926,-41.016,-69.336
-0.077,-0.144,0.916,30.518,-31.677,-73.486
-0.073,-0.150,0.958,34.790,-22.156,-75.256
-0.065,-0.137,0.982,31.128,-14.160,-69.214
-0.078,-0.106,1.013,20.142,-8.301,-58.960
-0.123,-0.075,1.013,6.470,-4.150,-51.331
-0.165,-0.106,1.003,-2.686,-1.343,-49.072
-0.195,-0.124,1.002,-11.963,-0.488,-47.913
-0.175,-0.133,0.979,-17.334,-2.930,-42.297
-0.194,-0.157,0.998,-22.461,-7.141,-35.889
-0.151,-0.145,1.002,-20.142,-8.850,-26.489
-0.153,-0.147,1.032,-15.808,-6.470,-19.836
-0.112,-0.103,0.999,-12.756,1.160,-13.611
-0.133,0.002,1.040,-14.038,11.658,-6.531
-0.161,0.091,1.049,-16.235,12.390,-2.625
-0.171,0.137,1.045,-21.484,18.250,-1.160
-0.171,0.128,1.020,-27.039,24.597,2.563
-0.213,0.168,1.020,-36.377,23.682,11.841
-0.146,0.180,1.004,-41.626,20.874,21.423
-0.185,0.218,0.988,-43.823,10.376,29.297
-0.184,0.219,0.956,-40.344,4.578,29.785
-0.182,0.160,0.904,-33.813,7.019,26.917
-0.172,0.163,0.848,-35.645,10.620,27.649
-0.194,0.178,0.849,-27.832,13.733,30.151
-0.211,0.129,0.840,-19.897,20.020,30.518
-0.186,0.136,0.853,-16.418,23.010,28.809
-0.180,0.132,0.891,-16.663,22.095,27.710
-0.151,0.147,0.907,-14.648,16.602,29.053
-0.091,0.187,0.923,-16.907,10.803,34.912
-0.044,0.211,0.974,-25.269,9.155,43.152
-0.010,0.226,0.976,-32.776,10.559,49.744
0.024,0.212,0.978,-37.720,14.282,56.702
0.049,0.193,0.964,-40.710,17.456,63.599
0.035,0.177,0.935,-41.260,20.813,71.472
0.022,0.169,0.912,-35.522,24.292,81.604
-0.011,0.212,0.862,-31.860,29.968,90.759
-0.028,0.224,0.828,-24.536,37.720,94.177
-0.048,0.255,0.817,-16.846,43.884,92.896
-0.062,0.311,0.867,-12.329,49.011,92.285
-0.020,0.293,0.834,-0.916,50.110,92.957
-0.089,0.311,0.849,4.150,46.631,88.196
-0.120,0.360,0.875,8.240,43.884,83.801
-0.190,0.399,0.907,11.108,44.189,78.064
-0.096,0.466,0.957,12.756,47.180,72.083
0.008,0.471,0.995,23.010,49.377,75.378
0.005,0.441,0.949,33.752,44.983,82.458
-0.033,0.384,0.999,29.175,36.621,82.825
-0.029,0.287,0.976,19.226,31.433,78.918
-0.007,0.276,0.964,9.705,29.114,77.148
-0.007,0.270,0.923,9.949,29.785,77.576
-0.014,0.319,0.940,11.414,32.166,76.904
-0.056,0.321,0.954,12.024,36.438,73.425
-0.002,0.311,0.975,19.958,44.983,72.571
0.033,0.338,0.979,23.926,54.138,75.378
0.008,0.409,1.026,26.184,63.477,77.393
-0.015,0.329,1.059,39.856,76.355,75.317
0.024,0.231,1.059,44.617,87.952,73.669
0.026,0.264,1.041,50.964,93.872,74.341
0.031,0.215,1.047,53.162,93.994,72.327
-0.073,0.142,0.958,57.861,92.346,67.383
-0.147,0.154,0.959,39.978,89.172,64.331
-0.053,0.090,0.956,40.588,92.651,59.326
-0.055,0.140,0.986,52.734,96.252,56.702
-0.081,0.211,0.998,56.641,92.163,55.664
-0.107,0.201,0.969,64.331,86.426,55.847
-0.146,0.222,0.979,46.875,74.036,54.626
-0.134,-0.278,0.957,38.940,66.223,57.861
0.229,0.086,0.612,68.420,57.678,92.468
0.010,0.246,0.864,76.660,44.434,126.282
0.033,0.291,0.970,74.890,50.232,109.863
0.090,0.319,1.124,81.299,80.383,97.534
0.118,-0.020,1.193,129.578,105.103,76.721
0.441,-0.070,1.511,139.099,130.798,68.848
0.281,-0.265,1.461,85.938,115.723,34.912
0.197,0.018,1.192,-20.142,97.107,22.583
0.437,0.092,1.141,-98.999,115.723,20.630
0.345,0.123,0.936,-43.884,141.602,4.944
0.198,0.123,0.909,45.959,161.743,15.747
0.077,0.097,0.873,103.516,167.053,29.602
0.023,0.117,0.820,82.947,169.067,33.875
-0.013,0.125,0.777,72.449,164.124,35.645
0.146,0.029,0.743,96.863,149.292,37.231
0.140,-0.058,0.771,95.154,135.681,30.579
0.056,-0.080,0.757,47.729,121.521,23.987
-0.108,-0.375,1.150,10.681,106.567,20.508
0.637,0.147,0.389,165.833,80.200,52.856
0.880,1.120,-0.035,120.850,101.746,119.690
0.216,0.368,0.118,39.124,44.312,72.815
0.624,-0.142,0.799,37.476,-30.334,25.452
0.495,-0.398,1.045,-76.904,-34.790,12.146
0.384,-0.105,1.151,-42.847,-22.766,29.053
0.399,0.030,0.990,52.795,-3.723,35.583
0.401,0.018,0.952,106.812,5.188,27.466
0.367,-0.030,0.849,124.023,3.113,15.869
0.290,0.305,1.126,121.704,-10.376,4.761
0.423,0.068,0.993,191.406,-10.620,-13.062
0.074,-0.330,0.651,219.971,4.333,-28.015
0.441,-0.311,1.126,84.900,-19.043,9.827
0.497,-0.005,1.017,6.897,-36.377,39.429
0.539,0.340,0.921,6.775,-40.527,50.232
0.416,0.133,0.811,12.512,-57.617,29.114
0.451,-0.060,0.896,6.104,-59.998,11.719
0.486,0.010,1.103,0.671,-57.556,-14.038
0.439,0.055,0.956,30.640,-44.373,-20.996
0.366,0.109,0.764,33.447,-37.231,-27.588
0.361,0.114,0.821,8.362,-50.537,-39.368
-0.382,-1.014,1.245,-11.414,-1.770,52.368
-0.459,-1.060,1.237,9.338,-0.671,80.078
-0.642,-1.118,1.123,52.612,8.240,111.511
-0.733,-1.046,1.096,68.665,4.944,142.212
-0.890,-0.932,1.031,67.566,8.545,148.560
-0.832,-0.923,0.904,68.604,18.311,141.052
-0.859,-0.752,0.775,62.378,16.052,146.057
-0.997,-0.597,0.634,56.091,11.169,150.452
-1.067,-0.430,0.516,49.500,4.333,151.428
-0.802,-0.351,0.419,27.649,-1.282,152.222
-0.675,-0.325,0.491,3.723,-12.268,156.128
-0.665,-0.194,0.556,3.296,-24.841,164.917
-0.670,-0.072,0.625,12.085,-35.278,171.753
-0.686,0.100,0.681,19.897,-44.800,174.927
-0.670,0.328,0.793,17.944,-54.871,175.903
-0.652,0.312,0.800,20.081,-62.805,167.419
-0.636,0.343,0.836,8.789,-67.139,162.537
-0.653,0.303,0.880,-15.076,-70.251,162.170
-0.698,0.253,0.924,-38.574,-71.960,160.706
-0.705,0.253,0.978,-53.711,-72.021,162.903
-0.699,0.439,1.022,-55.237,-72.693,166.016
-0.611,0.573,1.073,-40.283,-75.012,161.255
-0.528,0.627,1.149,-10.498,-79.224,148.926
-0.481,0.651,1.199,14.343,-80.811,139.343
-0.384,0.680,1.282,30.334,-77.026,127.441
-0.331,0.708,1.326,51.697,-69.824,115.967
-0.272,0.746,1.332,69.702,-61.523,106.628
-0.203,0.797,1.378,74.707,-53.345,95.825
-0.141,0.828,1.355,76.721,-41.382,82.458
-0.116,0.804,1.309,67.932,-30.457,65.857
-0.101,0.670,1.215,52.856,-21.118,45.776
-0.069,0.628,1.212,42.480,-14.526,29.114
-0.047,0.648,1.222,38.025,-9.521,20.081
-0.138,0.712,1.146,39.185,-4.578,10.376
-0.020,0.680,1.074,33.447,-4.211,-9.033
-0.006,0.627,1.087,34.058,-7.935,-33.203
0.130,0.559,1.187,60.303,-10.742,-49.927
0.197,0.473,1.250,98.877,-6.165,-63.171
0.195,0.408,1.242,122.498,4.883,-73.120
0.228,0.346,1.186,123.840,18.738,-81.055
0.243,0.289,1.168,117.432,31.738,-89.050
0.283,0.251,1.130,115.540,45.532,-96.069
0.310,0.160,1.017,109.192,56.030,-106.812
0.313,0.027,1.016,79.407,55.054,-119.812
0.323,-0.053,1.006,39.673,53.772,-127.441
0.336,-0.158,0.990,4.028,48.157,-129.639
0.290,-0.223,0.969,-24.353,39.307,-129.700
0.259,-0.273,0.977,-39.734,35.095,-131.836
0.274,-0.390,1.003,-39.063,33.997,-133.179
0.270,-0.561,1.036,-38.757,32.532,-134.460
0.283,-0.691,1.120,-53.589,30.762,-133.179
0.342,-0.731,1.236,-67.200,30.029,-127.563
0.377,-0.765,1.312,-66.345,33.020,-118.713
0.350,-0.893,1.264,-54.810,41.504,-110.291
0.345,-0.914,1.196,-45.898,51.086,-98.877
0.324,-0.761,1.177,-44.678,54.993,-82.581
0.297,-0.692,1.086,-43.823,57.739,-70.557
0.250,-0.747,0.995,-56.396,58.533,-64.819
0.179,-0.866,0.960,-77.759,55.786,-61.096
0.150,-0.963,0.988,-86.243,50.476,-57.495
0.222,-1.024,1.106,-74.707,44.495,-53.711
0.135,-1.001,1.125,-41.748,46.997,-42.786
0.142,-1.135,1.102,-20.142,57.434,-46.448
0.058,-1.214,1.113,-19.836,60.974,-35.461
0.030,-1.218,1.134,-23.804,66.040,-15.869
-0.080,-1.177,1.065,-26.306,74.280,9.460
-0.212,-1.162,0.896,-28.931,82.031,37.048
-0.429,-1.212,0.641,-41.260,76.294,69.214
-0.578,-1.120,0.480,-55.420,66.895,85.815
-0.617,-0.997,0.395,-40.100,66.467,72.083
-0.622,-1.144,0.475,-4.883,46.692,63.843
-0.649,-1.407,0.565,24.658,28.931,62.988
-0.709,-1.545,0.681,27.466,18.372,80.505
-0.762,-1.550,0.767,16.907,14.038,110.840
-0.805,-1.391,0.831,11.292,12.878,143.616
-0.936,-1.029,0.751,17.761,13.489,175.964
-0.951,-0.777,0.640,42.175,15.442,188.782
-0.933,-0.703,0.437,72.998,10.376,190.552
-0.960,-0.448,0.411,71.899,-1.709,195.374
-0.948,-0.179,0.475,61.707,-14.404,196.899
-0.956,-0.087,0.454,74.951,-28.748,191.284
-0.961,-0.080,0.425,91.187,-45.288,188.293
-0.935,-0.017,0.538,89.233,-63.599,188.416
-0.908,0.020,0.700,76.294,-79.529,189.026
-0.875,0.009,0.811,61.096,-88.684,189.880
-0.877,0.167,0.951,47.607,-90.637,190.796
-0.859,0.386,1.076,46.936,-91.187,186.829
-0.813,0.468,1.162,63.171,-92.651,169.678
-0.758,0.484,1.198,78.979,-89.600,151.001
-0.728,0.523,1.177,75.134,-82.520,138.000
-0.674,0.570,1.203,52.368,-80.994,130.737
-0.589,0.653,1.296,24.963,-80.017,125.732
-0.485,0.780,1.404,4.089,-76.416,117.798
-0.385,0.878,1.447,-8.484,-64.880,102.112
-0.281,0.860,1.395,-16.724,-46.265,83.374
-0.251,0.835,1.337,-28.748,-27.222,65.796
-0.215,0.844,1.372,-41.748,-12.085,48.889
-0.083,0.869,1.471,-39.917,4.089,32.349
0.024,0.875,1.562,-10.620,20.874,13.916
0.085,0.922,1.573,30.334,37.720,-2.380
0.169,1.005,1.517,55.115,53.467,-20.996
0.174,1.002,1.415,54.871,58.472,-50.903
0.200,0.952,1.289,32.166,61.951,-79.224
0.194,0.920,1.228,7.019,62.439,-96.619
0.163,0.875,1.153,-2.991,61.523,-111.938
0.188,0.770,1.108,-5.737,60.364,-125.977
0.234,0.657,1.059,-5.737,58.594,-137.146
0.264,0.488,1.005,0.183,57.861,-148.865
0.319,0.273,0.960,13.245,56.396,-158.691
0.321,0.130,0.975,24.658,53.467,-161.682
0.373,0.010,1.025,32.715,52.979,-161.499
0.379,-0.141,1.018,36.438,53.955,-162.109
0.387,-0.250,1.065,21.606,52.917,-160.950
0.425,-0.381,1.148,1.953,49.255,-158.997
0.469,-0.502,1.251,-16.052,42.725,-158.630
0.507,-0.582,1.373,-38.818,36.316,-152.039
0.510,-0.649,1.421,-52.429,33.936,-139.648
0.515,-0.730,1.432,-55.725,36.438,-128.784
0.524,-0.807,1.453,-57.556,42.847,-119.507
0.467,-0.945,1.476,-50.842,59.265,-95.032
0.400,-0.896,1.326,-37.292,68.054,-84.595
0.357,-0.839,1.204,-32.532,69.519,-82.703
0.330,-0.880,1.114,-36.011,66.711,-83.923
0.303,-0.985,1.068,-43.823,62.378,-86.426
0.276,-1.038,1.043,-44.800,58.777,-83.496
0.281,-1.133,1.046,-34.363,56.763,-76.233
0.313,-1.273,1.070,-24.048,56.946,-65.918
0.299,-1.309,1.129,-25.696,59.387,-50.476
0.255,-1.293,1.131,-31.982,65.491,-33.691
0.177,-1.190,1.076,-38.147,75.195,-18.677
0.098,-1.077,0.959,-42.297,85.571,-7.446
0.023,-0.955,0.832,-46.143,92.102,1.282
-0.067,-0.834,0.713,-45.959,92.346,8.118
-0.113,-0.846,0.545,-36.133,87.097,9.888
-0.137,-1.035,0.400,-21.240,76.721,10.437
-0.138,-1.214,0.359,-13.489,61.646,16.846
-0.128,-1.223,0.436,-7.935,45.715,30.273
-0.159,-1.171,0.496,8.972,34.729,44.067
-0.193,-1.155,0.519,32.898,28.259,56.274
-0.224,-1.155,0.566,47.119,22.827,70.129
-0.289,-1.125,0.593,46.265,18.799,87.708
-0.400,-0.957,0.664,34.851,17.212,105.408
-0.472,-0.798,0.695,27.649,18.555,115.906
-0.515,-0.770,0.603,29.480,21.606,117.432
-0.566,-0.815,0.496,24.780,20.691,118.042
-0.591,-0.823,0.433,13.367,14.526,124.512
-0.612,-0.760,0.401,4.456,5.554,134.216
-0.625,-0.732,0.352,2.686,-4.089,139.832
-0.644,-0.690,0.353,4.395,-14.526,143.921
-0.662,-0.671,0.375,10.376,-25.757,148.499
-0.701,-0.631,0.417,18.738,-35.767,154.907
-0.743,-0.506,0.494,28.931,-44.617,163.940
-0.786,-0.279,0.598,44.373,-53.223,171.814
-0.798,-0.031,0.722,63.232,-61.279,174.622
-0.802,0.162,0.829,77.271,-67.871,170.044
-0.759,0.315,0.934,76.660,-74.158,162.964
-0.713,0.445,1.036,63.354,-78.125,156.006
-0.647,0.515,1.079,43.396,-77.820,150.208
-0.588,0.539,1.115,20.081,-73.730,145.996
-0.523,0.556,1.120,-1.770,-66.040,141.785
-0.491,0.565,1.100,-19.104,-61.951,139.038
-0.474,0.541,1.035,-25.146,-59.021,135.376
-0.467,0.615,1.031,-25.513,-60.303,132.690
-0.431,0.679,1.040,-20.142,-63.965,126.282
-0.385,0.724,1.017,-6.775,-66.956,114.746
-0.338,0.771,1.017,4.150,-72.449,103.638
-0.261,0.821,1.077,9.094,-80.750,93.079
-0.207,0.849,1.174,11.902,-87.952,81.116
-0.136,0.878,1.187,19.836,-89.050,68.665
-0.033,0.905,1.232,31.921,-90.027,54.932
0.031,0.947,1.285,43.945,-91.492,41.016
0.133,0.953,1.318,50.110,-87.097,27.344
0.167,1.002,1.338,45.227,-77.881,15.137
0.210,1.010,1.326,35.828,-63.904,0.854
0.233,0.943,1.322,28.381,-50.476,-16.052
0.243,0.851,1.320,21.179,-40.405,-31.494
0.272,0.766,1.321,15.076,-32.837,-45.654
0.265,0.705,1.289,13.306,-26.733,-60.181
0.258,0.660,1.266,16.846,-22.522,-74.829
0.250,0.570,1.218,31.006,-18.066,-89.233
0.234,0.494,1.151,51.147,-13.672,-102.173
0.197,0.487,1.117,67.139,-10.803,-112.244
0.214,0.514,1.139,76.355,-9.583,-122.253
0.305,0.475,1.164,74.768,-6.409,-132.874
0.220,0.374,1.171,55.786,-0.549,-141.602
0.263,0.250,1.169,28.198,8.606,-147.095
0.299,0.115,1.236,-1.770,14.648,-149.658
0.279,-0.038,1.220,-23.499,23.621,-150.696
0.246,-0.194,1.146,-36.438,30.212,-148.376
0.206,-0.307,1.048,-34.851,31.799,-143.250
0.182,-0.379,0.974,-27.710,29.175,-137.512
